T,o,h,l,c,v
1785023399999,64378,64378,64377,64377,1.51684
1785023459999,64378,64378,64377,64377,1.33845
1785023519999,64378,64378,64377,64378,0.06473
1785023579999,64378,64378,64377,64378,1.12952
1785023639999,64378,64378,64355,64356,16.64305
1785023699999,64356,64356,64355,64356,0.3944
1785023759999,64356,64356,64355,64356,0.40033
1785023819999,64356,64356,64355,64356,1.42784
1785023879999,64356,64361,64355,64361,0.74696
1785023939999,64361,64361,64360,64361,0.04644
1785023999999,64361,64361,64360,64361,0.22813
1785024059999,64361,64361,64342,64347,36.37316
1785024119999,64348,64348,64339,64339,3.89591
1785024179999,64340,64356,64334,64356,1.03383
1785024239999,64356,64358,64355,64358,0.32101
1785024299999,64358,64361,64357,64360,0.23018
1785024359999,64361,64361,64360,64361,28.06733
1785024419999,64362,64393,64362,64392,1.13358
1785024479999,64393,64420,64393,64420,1.0552
1785024539999,64420,64420,64419,64420,2.89988
1785024599999,64420,64420,64405,64405,0.75476
1785024659999,64406,64406,64379,64379,1.03403
1785024719999,64380,64406,64380,64406,1.72083
1785024779999,64406,64406,64405,64406,2.67627
1785024839999,64406,64424,64405,64416,8.81493
1785024899999,64417,64417,64415,64416,2.06567
1785024959999,64416,64416,64410,64411,0.50919
1785025019999,64411,64411,64410,64410,0.46792
1785025079999,64411,64411,64409,64409,0.47725
1785025139999,64410,64410,64400,64400,7.10792
1785025199999,64401,64410,64401,64408,3.12699
1785025259999,64408,64410,64400,64410,0.80473
1785025319999,64411,64419,64410,64419,2.29372
1785025379999,64419,64437,64419,64435,5.05038
1785025439999,64436,64436,64428,64428,2.16968
1785025499999,64428,64441,64427,64441,2.34781
1785025559999,64441,64450,64440,64440,11.58526
1785025619999,64441,64441,64440,64441,0.93266
1785025679999,64441,64450,64440,64450,66.171
1785025739999,64450,64450,64449,64450,12.87242
1785025799999,64450,64450,64449,64450,1.74724
1785025859999,64450,64450,64427,64428,1.42324
1785025919999,64428,64432,64427,64432,0.94029
1785025979999,64432,64457,64431,64457,4.70718
1785026039999,64457,64457,64444,64444,4.17486
1785026099999,64445,64445,64435,64436,4.98564
1785026159999,64436,64436,64425,64426,2.43101
1785026219999,64426,64426,64425,64425,0.54526
1785026279999,64426,64430,64425,64430,5.24379
1785026339999,64430,64434,64429,64434,3.68349
1785026399999,64434,64434,64399,64400,4.05543
1785026459999,64400,64400,64391,64391,3.29135
1785026519999,64392,64392,64391,64392,0.14593
1785026579999,64392,64392,64391,64392,0.70444
1785026639999,64392,64392,64391,64391,1.15555
1785026699999,64392,64392,64391,64392,0.27577
1785026759999,64392,64392,64385,64386,0.47188
1785026819999,64386,64399,64385,64399,1.51222
1785026879999,64399,64403,64399,64402,0.44033
1785026939999,64403,64404,64402,64404,1.25359
1785026999999,64404,64411,64404,64405,0.55333
1785027059999,64405,64413,64400,64413,0.43787
1785027119999,64413,64424,64412,64424,0.53056
1785027179999,64424,64424,64423,64424,0.38365
1785027239999,64424,64456,64423,64456,5.68104
1785027299999,64456,64456,64455,64455,0.44392
1785027359999,64456,64456,64447,64448,0.7738
1785027419999,64448,64457,64447,64456,0.06572
1785027479999,64457,64480,64456,64468,9.06903
1785027539999,64468,64480,64467,64477,2.22934
1785027599999,64477,64490,64476,64490,2.20091
1785027659999,64490,64530,64489,64511,52.73437
1785027719999,64512,64512,64487,64487,7.7586
1785027779999,64488,64488,64469,64470,20.85521
1785027839999,64470,64470,64456,64457,2.72645
1785027899999,64457,64457,64455,64455,4.27976
1785027959999,64456,64468,64455,64468,14.3334
1785028019999,64468,64474,64467,64473,1.93104
1785028079999,64473,64473,64467,64468,1.03305
1785028139999,64468,64468,64458,64458,1.36853
1785028199999,64459,64459,64458,64458,0.43425
1785028259999,64459,64459,64445,64448,2.11684
1785028319999,64449,64476,64448,64475,0.22074
1785028379999,64476,64476,64474,64475,0.77057
1785028439999,64475,64475,64474,64474,1.25325
1785028499999,64475,64482,64474,64481,25.78194
1785028559999,64481,64482,64467,64467,2.36694
1785028619999,64468,64468,64467,64467,0.60609
1785028679999,64468,64468,64466,64467,0.11411
1785028739999,64467,64467,64466,64466,0.60142
1785028799999,64467,64476,64466,64475,2.29023
1785028859999,64476,64476,64453,64453,0.53553
1785028919999,64454,64454,64453,64453,1.53476
1785028979999,64454,64454,64453,64454,1.5858
1785029039999,64454,64454,64453,64453,0.48145
1785029099999,64454,64454,64453,64454,0.14406
1785029159999,64454,64454,64453,64454,0.01516
1785029219999,64454,64454,64448,64448,0.65234
1785029279999,64449,64449,64443,64443,10.48015
1785029339999,64444,64447,64443,64447,0.8173
1785029399999,64447,64454,64446,64454,0.79498
1785029459999,64454,64476,64453,64475,7.19177
1785029519999,64476,64476,64464,64470,19.73209
1785029579999,64470,64471,64469,64471,8.3386
1785029639999,64471,64471,64467,64468,2.11802
1785029699999,64468,64472,64467,64471,1.05429
1785029759999,64472,64477,64471,64476,0.05748
1785029819999,64477,64477,64476,64476,0.12376
1785029879999,64477,64477,64476,64476,0.10521
1785029939999,64477,64477,64463,64464,0.44674
1785029999999,64464,64469,64463,64469,0.15983
1785030059999,64469,64469,64468,64468,0.84241
1785030119999,64469,64469,64443,64443,30.96497
1785030179999,64444,64444,64443,64443,0.07508
1785030239999,64444,64444,64443,64444,6.42281
1785030299999,64444,64458,64441,64458,1.18559
1785030359999,64458,64458,64448,64449,0.22701
1785030419999,64449,64449,64437,64441,6.82892
1785030479999,64441,64445,64439,64441,13.77852
1785030539999,64441,64441,64440,64440,0.26206
1785030599999,64441,64441,64432,64441,0.43362
1785030659999,64441,64448,64440,64447,6.48006
1785030719999,64448,64448,64447,64448,0.09287
1785030779999,64448,64464,64442,64442,0.5422
1785030839999,64443,64443,64442,64443,0.06433
1785030899999,64443,64462,64443,64462,2.23937
1785030959999,64462,64462,64457,64458,1.17549
1785031019999,64458,64458,64448,64449,0.92902
1785031079999,64449,64449,64435,64436,0.04287
1785031139999,64436,64436,64426,64427,1.46637
1785031199999,64427,64436,64426,64436,7.24306
1785031259999,64436,64444,64435,64444,1.7809
1785031319999,64444,64448,64443,64446,0.6521
1785031379999,64447,64447,64443,64444,2.12914
1785031439999,64444,64444,64430,64430,0.19258
1785031499999,64431,64431,64430,64431,0.31007
1785031559999,64431,64431,64412,64413,1.54981
1785031619999,64413,64413,64412,64413,0.35919
1785031679999,64413,64413,64412,64413,0.25816
1785031739999,64413,64413,64412,64413,0.30276
1785031799999,64413,64413,64412,64412,0.41334
1785031859999,64413,64431,64413,64431,1.51882
1785031919999,64431,64431,64430,64431,1.41929
1785031979999,64431,64442,64431,64442,0.18102
1785032039999,64442,64453,64441,64453,0.375
1785032099999,64453,64455,64452,64455,0.28213
1785032159999,64455,64455,64454,64455,0.3727
1785032219999,64455,64455,64454,64455,0.22468
1785032279999,64455,64455,64454,64454,0.13548
1785032339999,64455,64455,64454,64454,0.77766
1785032399999,64455,64455,64444,64445,0.2816
1785032459999,64445,64445,64427,64428,1.78193
1785032519999,64428,64442,64427,64442,2.51967
1785032579999,64442,64453,64441,64453,0.48061
1785032639999,64453,64453,64428,64428,3.24405
1785032699999,64429,64429,64419,64419,0.15505
1785032759999,64419,64419,64418,64419,0.06466
1785032819999,64419,64419,64418,64419,0.29237
1785032879999,64419,64451,64419,64450,0.13731
1785032939999,64451,64452,64450,64452,2.03811
1785032999999,64453,64455,64452,64455,3.11334
1785033059999,64455,64458,64454,64457,0.67047
1785033119999,64458,64458,64431,64431,6.86707
1785033179999,64432,64432,64418,64418,1.31214
1785033239999,64419,64419,64410,64411,0.40889
1785033299999,64410,64416,64399,64416,3.01192
1785033359999,64416,64416,64404,64405,0.08501
1785033419999,64405,64408,64404,64407,0.06318
1785033479999,64409,64421,64409,64421,7.94406
1785033539999,64421,64421,64420,64421,0.09981
1785033599999,64421,64421,64420,64420,0.29349
1785033659999,64421,64421,64417,64417,0.26285
1785033719999,64418,64418,64416,64417,0.27495
1785033779999,64417,64417,64416,64416,0.07999
1785033839999,64417,64417,64415,64416,0.07988
1785033899999,64416,64416,64415,64416,0.07403
1785033959999,64416,64416,64415,64416,1.74264
1785034019999,64416,64416,64413,64414,4.50039
1785034079999,64414,64414,64413,64414,0.49181
1785034139999,64414,64438,64414,64438,1.00508
1785034199999,64438,64444,64437,64444,0.23862
1785034259999,64444,64470,64443,64469,0.99056
1785034319999,64470,64487,64470,64483,10.78076
1785034379999,64483,64495,64481,64494,1.64366
1785034439999,64495,64495,64486,64486,6.96078
1785034499999,64487,64496,64486,64496,1.63776
1785034559999,64496,64496,64495,64496,0.13565
1785034619999,64496,64497,64495,64497,1.32115
1785034679999,64497,64498,64496,64498,0.94972
1785034739999,64498,64498,64497,64498,0.19711
1785034799999,64498,64498,64495,64496,0.21048
1785034859999,64496,64518,64495,64517,4.48699
1785034919999,64518,64518,64497,64497,4.57906
1785034979999,64498,64498,64475,64475,6.69979
1785035039999,64476,64476,64468,64469,7.76344
1785035099999,64469,64474,64469,64473,0.48483
1785035159999,64474,64474,64460,64460,0.23273
1785035219999,64461,64470,64460,64469,2.08466
1785035279999,64470,64470,64469,64469,0.18901
1785035339999,64470,64470,64469,64469,3.69557
1785035399999,64470,64479,64460,64479,0.64955
1785035459999,64480,64480,64471,64472,1.21415
1785035519999,64472,64478,64471,64478,0.44446
1785035579999,64478,64508,64478,64508,3.62483
1785035639999,64508,64555,64507,64547,14.67604
1785035699999,64548,64548,64537,64548,6.21591
1785035759999,64548,64548,64517,64517,164.63465
1785035819999,64518,64518,64517,64517,1.15307
1785035879999,64518,64519,64517,64519,1.65242
1785035939999,64519,64519,64511,64512,3.40114
1785035999999,64512,64512,64511,64512,0.57804
1785036059999,64512,64523,64511,64523,4.20921
1785036119999,64523,64523,64521,64522,4.51191
1785036179999,64522,64537,64521,64537,0.44798
1785036239999,64537,64537,64532,64533,2.00682
1785036299999,64533,64533,64531,64532,1.26454
1785036359999,64531,64531,64530,64531,1.32321
1785036419999,64531,64533,64526,64527,11.10816
1785036479999,64527,64527,64510,64512,5.39696
1785036539999,64513,64513,64512,64512,0.52323
1785036599999,64513,64526,64512,64526,2.37344
1785036659999,64528,64528,64517,64518,0.46814
1785036719999,64519,64522,64518,64522,0.6373
1785036779999,64522,64528,64521,64528,2.05314
1785036839999,64528,64547,64528,64546,2.41602
1785036899999,64547,64547,64543,64543,9.89263
1785036959999,64544,64544,64543,64543,0.4546
1785037019999,64544,64549,64544,64549,1.27315
1785037079999,64549,64549,64548,64548,1.07386
1785037139999,64549,64549,64548,64549,3.26968
1785037199999,64549,64557,64548,64557,8.65353
1785037259999,64557,64558,64538,64544,9.1683
1785037319999,64544,64544,64539,64539,2.47285
1785037379999,64540,64540,64539,64540,0.40952
1785037439999,64540,64540,64525,64526,0.72507
1785037499999,64526,64526,64520,64520,0.37634
1785037559999,64520,64521,64519,64520,0.07137
1785037619999,64522,64525,64519,64520,0.31571
1785037679999,64520,64520,64519,64520,0.43244
1785037739999,64520,64520,64519,64519,0.1518
1785037799999,64520,64520,64519,64519,0.29767
1785037859999,64520,64520,64519,64519,0.93257
1785037919999,64520,64520,64519,64520,7.64649
1785037979999,64520,64520,64510,64511,2.09668
1785038039999,64511,64513,64510,64512,2.59463
1785038099999,64513,64513,64510,64511,30.81034
1785038159999,64511,64511,64510,64511,0.45816
1785038219999,64511,64511,64505,64506,2.56948
1785038279999,64504,64504,64503,64504,1.04086
1785038339999,64504,64504,64501,64502,1.00927
1785038399999,64502,64520,64501,64520,2.1496
1785038459999,64520,64521,64519,64520,4.16504
1785038519999,64521,64521,64509,64515,1.81064
1785038579999,64516,64516,64501,64502,2.31322
1785038639999,64502,64502,64501,64501,2.45728
1785038699999,64502,64504,64501,64503,1.45149
1785038759999,64504,64515,64503,64514,1.39668
1785038819999,64515,64515,64501,64502,3.65538
1785038879999,64502,64502,64495,64496,1.13396
1785038939999,64496,64496,64482,64484,2.27378
1785038999999,64485,64486,64482,64483,2.11449
1785039059999,64483,64483,64482,64483,0.90487
1785039119999,64483,64483,64482,64483,0.48874
1785039179999,64483,64483,64480,64481,2.51488
1785039239999,64481,64493,64480,64493,1.14365
1785039299999,64493,64493,64480,64481,0.197
1785039359999,64480,64480,64463,64464,10.39748
1785039419999,64464,64464,64463,64464,0.12222
1785039479999,64464,64472,64463,64471,1.64298
1785039539999,64472,64472,64471,64472,0.47499
1785039599999,64472,64478,64472,64478,7.91373
1785039659999,64478,64478,64477,64477,3.90403
1785039719999,64478,64478,64477,64478,0.08345
1785039779999,64478,64478,64477,64478,0.43928
1785039839999,64478,64500,64477,64499,1.24152
1785039899999,64500,64515,64499,64515,0.33155
1785039959999,64515,64515,64514,64514,0.2698
1785040019999,64515,64522,64514,64522,0.4797
1785040079999,64522,64523,64521,64522,5.47045
1785040139999,64523,64526,64522,64526,0.98139
1785040199999,64526,64526,64525,64526,1.94584
1785040259999,64526,64526,64525,64525,2.86405
1785040319999,64526,64526,64513,64513,2.89393
1785040379999,64514,64514,64513,64514,0.73963
1785040439999,64514,64514,64513,64513,2.51473
1785040499999,64514,64514,64513,64514,0.43344
1785040559999,64514,64520,64513,64519,0.26243
1785040619999,64520,64520,64519,64519,0.90132
1785040679999,64520,64525,64519,64525,0.37149
1785040739999,64525,64527,64524,64526,0.45432
1785040799999,64527,64527,64526,64527,2.20589
1785040859999,64527,64533,64526,64533,14.04805
1785040919999,64533,64542,64532,64542,15.18867
1785040979999,64542,64542,64541,64542,2.02404
1785041039999,64542,64542,64532,64533,0.74513
1785041099999,64533,64546,64532,64546,0.55516
1785041159999,64546,64571,64545,64570,2.3168
1785041219999,64570,64570,64531,64532,2.55997
1785041279999,64532,64532,64527,64528,0.53007
1785041339999,64528,64540,64527,64540,9.53306
1785041399999,64540,64540,64539,64540,0.15403
1785041459999,64540,64540,64539,64539,0.25969
1785041519999,64540,64540,64530,64530,1.88646
1785041579999,64530,64540,64529,64540,3.617
1785041639999,64540,64540,64519,64520,0.78459
1785041699999,64520,64530,64519,64525,5.04344
1785041759999,64526,64526,64509,64509,1.25968
1785041819999,64510,64510,64506,64506,0.12106
1785041879999,64507,64507,64498,64498,13.43184
1785041939999,64499,64499,64498,64498,0.58759
1785041999999,64499,64516,64487,64501,13.61983
1785042059999,64501,64501,64481,64485,65.67618
1785042119999,64486,64486,64474,64474,2.6904
1785042179999,64475,64475,64464,64465,0.80891
1785042239999,64465,64473,64464,64473,4.63218
1785042299999,64473,64473,64472,64473,0.33977
1785042359999,64473,64473,64472,64472,2.4036
1785042419999,64473,64473,64472,64472,0.32687
1785042479999,64473,64478,64472,64477,0.86895
1785042539999,64478,64478,64477,64478,0.10772
1785042599999,64478,64478,64472,64473,4.85008
1785042659999,64473,64473,64472,64472,1.66218
1785042719999,64473,64473,64472,64473,2.78232
1785042779999,64473,64495,64472,64494,7.88698
1785042839999,64495,64495,64493,64493,3.00173
1785042899999,64494,64494,64493,64493,0.09054
1785042959999,64494,64494,64493,64494,0.1383
1785043019999,64494,64494,64479,64480,0.29758
1785043079999,64480,64480,64479,64479,0.16229
1785043139999,64480,64480,64471,64472,0.55556
1785043199999,64473,64482,64473,64481,0.2609
1785043259999,64482,64482,64481,64482,1.68042
1785043319999,64482,64482,64481,64482,0.80072
1785043379999,64482,64482,64474,64474,1.02585
1785043439999,64475,64476,64474,64476,0.50218
1785043499999,64476,64476,64475,64476,0.24647
1785043559999,64476,64476,64475,64476,0.34917
1785043619999,64476,64476,64475,64476,0.12704
1785043679999,64476,64476,64468,64469,8.35719
1785043739999,64469,64469,64468,64468,0.18311
1785043799999,64469,64469,64463,64464,0.18136
1785043859999,64464,64464,64455,64455,2.41664
1785043919999,64456,64456,64437,64437,2.10244
1785043979999,64438,64438,64387,64401,165.71154
1785044039999,64401,64407,64397,64398,4.6684
1785044099999,64398,64431,64397,64429,4.41141
1785044159999,64429,64439,64428,64439,4.57817
1785044219999,64439,64439,64433,64434,1.18579
1785044279999,64434,64434,64433,64433,0.94382
1785044339999,64434,64434,64433,64433,1.45433
1785044399999,64434,64442,64433,64442,0.49332
1785044459999,64442,64442,64441,64442,0.08445
1785044519999,64442,64442,64435,64435,0.46228
1785044579999,64436,64442,64433,64442,1.60804
1785044639999,64442,64442,64441,64441,0.11522
1785044699999,64442,64444,64441,64443,0.55319
1785044759999,64444,64445,64441,64442,0.47915
1785044819999,64442,64442,64440,64440,2.0919
1785044879999,64439,64439,64438,64438,0.25235
1785044939999,64439,64439,64431,64432,2.18929
1785044999999,64432,64432,64431,64431,0.15409
1785045059999,64432,64432,64431,64432,0.52138
1785045119999,64432,64432,64423,64423,1.9672
1785045179999,64424,64424,64417,64421,0.63245
1785045239999,64422,64422,64417,64418,0.10114
1785045299999,64418,64418,64407,64408,13.52344
1785045359999,64407,64407,64399,64399,16.23456
1785045419999,64400,64400,64399,64399,0.8159
1785045479999,64400,64400,64391,64391,1.95864
1785045539999,64392,64392,64391,64392,0.13347
1785045599999,64392,64392,64387,64388,3.16267
1785045659999,64388,64388,64387,64388,0.78886
1785045719999,64388,64388,64378,64379,11.04064
1785045779999,64379,64379,64378,64378,0.74218
1785045839999,64379,64387,64378,64387,1.23845
1785045899999,64387,64406,64383,64383,2.70259
1785045959999,64384,64384,64367,64368,3.31283
1785046019999,64368,64368,64355,64355,3.06397
1785046079999,64356,64356,64353,64353,10.39183
1785046139999,64354,64354,64344,64345,6.99676
1785046199999,64345,64349,64344,64348,4.5781
1785046259999,64349,64349,64348,64349,0.46341
1785046319999,64349,64349,64325,64328,26.5037
1785046379999,64328,64328,64316,64316,12.4004
1785046439999,64317,64317,64316,64317,6.05732
1785046499999,64317,64317,64316,64317,3.07633
1785046559999,64317,64317,64316,64317,3.9566
1785046619999,64317,64322,64317,64322,1.05408
1785046679999,64322,64326,64321,64326,0.85222
1785046739999,64326,64326,64325,64325,0.29618
1785046799999,64326,64326,64303,64303,6.3605
1785046859999,64304,64304,64288,64289,3.93271
1785046919999,64289,64289,64272,64286,4.67263
1785046979999,64286,64286,64265,64273,3.57947
1785047039999,64272,64272,64264,64264,1.15755
1785047099999,64265,64270,64262,64267,23.15502
1785047159999,64267,64280,64266,64280,4.93289
1785047219999,64280,64287,64279,64285,15.8455
1785047279999,64286,64286,64272,64285,19.65656
1785047339999,64285,64285,64277,64277,1.4882
1785047399999,64278,64278,64274,64274,1.41089
1785047459999,64275,64275,64274,64274,3.75129
1785047519999,64275,64275,64273,64274,0.22787
1785047579999,64275,64289,64275,64289,1.51486
1785047639999,64289,64303,64288,64302,4.37397
1785047699999,64303,64316,64302,64316,11.00002
1785047759999,64316,64331,64316,64322,15.63254
1785047819999,64323,64323,64322,64323,2.67303
1785047879999,64323,64330,64322,64330,1.24126
1785047939999,64330,64345,64330,64344,1.93176
1785047999999,64345,64355,64335,64352,2.30238
1785048059999,64352,64352,64338,64339,2.02423
1785048119999,64339,64343,64338,64342,0.15701
1785048179999,64343,64343,64342,64343,5.51071
1785048239999,64343,64345,64342,64345,0.13344
1785048299999,64345,64350,64344,64350,3.15403
1785048359999,64350,64358,64349,64358,1.03826
1785048419999,64358,64365,64357,64365,0.14513
1785048479999,64365,64379,64364,64378,3.76667
1785048539999,64379,64379,64368,64376,19.17448
1785048599999,64376,64379,64370,64371,4.54054
1785048659999,64371,64373,64370,64373,0.55928
1785048719999,64373,64374,64372,64374,1.63047
1785048779999,64375,64394,64374,64391,1.56998
1785048839999,64392,64392,64390,64391,0.50862
1785048899999,64391,64391,64390,64391,0.20929
1785048959999,64394,64428,64394,64411,4.58136
1785049019999,64412,64412,64388,64397,75.11059
1785049079999,64397,64429,64396,64412,83.19314
1785049139999,64410,64410,64406,64406,0.12221
1785049199999,64407,64407,64406,64407,0.23997
1785049259999,64407,64407,64406,64406,3.69838
1785049319999,64407,64433,64407,64428,3.55568
1785049379999,64429,64433,64428,64433,0.47384
1785049439999,64433,64433,64419,64419,4.1339
1785049499999,64420,64420,64406,64406,2.3694
1785049559999,64407,64407,64397,64398,3.50813
1785049619999,64398,64398,64397,64398,1.60108
1785049679999,64398,64398,64397,64398,0.89245
1785049739999,64398,64405,64397,64404,8.38473
1785049799999,64406,64409,64397,64398,0.2936
1785049859999,64398,64398,64376,64377,23.47409
1785049919999,64377,64377,64369,64370,6.09483
1785049979999,64370,64378,64369,64378,0.2911
1785050039999,64378,64384,64377,64384,0.07155
1785050099999,64384,64393,64383,64392,1.09678
1785050159999,64393,64411,64393,64410,5.20711
1785050219999,64411,64411,64409,64410,0.26263
1785050279999,64410,64410,64400,64401,0.37636
1785050339999,64401,64401,64400,64401,0.07396
1785050399999,64401,64401,64376,64376,0.97606
1785050459999,64377,64377,64369,64369,0.52628
1785050519999,64370,64370,64347,64348,11.42852
1785050579999,64348,64348,64347,64348,1.3042
1785050639999,64348,64348,64347,64348,0.49926
1785050699999,64348,64348,64347,64347,3.64666
1785050759999,64348,64348,64344,64344,1.14978
1785050819999,64345,64345,64344,64345,0.10058
1785050879999,64345,64345,64344,64345,0.50447
1785050939999,64345,64345,64344,64345,0.32051
1785050999999,64345,64345,64344,64344,1.3523
1785051059999,64345,64345,64344,64345,0.93823
1785051119999,64345,64345,64339,64339,2.121
1785051179999,64340,64340,64331,64331,1.36237
1785051239999,64332,64332,64331,64331,0.0502
1785051299999,64332,64335,64331,64335,0.20135
1785051359999,64335,64335,64334,64335,0.51247
1785051419999,64335,64335,64334,64334,0.16501
1785051479999,64335,64335,64328,64328,0.36009
1785051539999,64329,64329,64327,64328,0.08038
1785051599999,64328,64328,64327,64328,1.26656
1785051659999,64328,64335,64320,64335,44.54454
1785051719999,64335,64339,64335,64339,0.1027
1785051779999,64339,64341,64338,64341,1.69696
1785051839999,64342,64359,64341,64353,52.31988
1785051899999,64354,64354,64330,64330,1.81883
1785051959999,64331,64331,64330,64330,1.19658
1785052019999,64331,64342,64331,64342,0.83126
1785052079999,64342,64344,64341,64344,2.65507
1785052139999,64344,64348,64343,64348,0.88803
1785052199999,64348,64356,64347,64355,1.13251
1785052259999,64356,64356,64355,64356,0.62668
1785052319999,64356,64356,64349,64349,3.46635
1785052379999,64350,64350,64345,64345,0.76566
1785052439999,64346,64346,64344,64346,6.43497
1785052499999,64346,64346,64345,64346,0.36625
1785052559999,64346,64346,64345,64345,0.0576
1785052619999,64346,64346,64340,64340,2.69944
1785052679999,64341,64341,64336,64337,2.41646
1785052739999,64337,64337,64336,64336,1.49716
1785052799999,64337,64347,64337,64346,5.62334
1785052859999,64347,64348,64336,64336,7.87866
1785052919999,64337,64339,64335,64338,6.09867
1785052979999,64339,64339,64333,64334,0.92524
1785053039999,64334,64334,64333,64334,0.21585
1785053099999,64334,64334,64333,64334,0.31403
1785053159999,64334,64334,64333,64333,0.05426
1785053219999,64334,64334,64333,64334,0.45626
1785053279999,64334,64340,64333,64339,4.07075
1785053339999,64340,64340,64339,64340,0.38841
1785053399999,64340,64354,64340,64352,1.07768
1785053459999,64352,64352,64351,64352,1.32256
1785053519999,64352,64357,64351,64356,2.97473
1785053579999,64357,64357,64356,64356,1.18241
1785053639999,64357,64366,64357,64364,3.41033
1785053699999,64365,64365,64364,64364,0.29846
1785053759999,64365,64370,64364,64370,1.32182
1785053819999,64370,64370,64369,64370,0.17319
1785053879999,64370,64385,64369,64385,9.01431
1785053939999,64385,64385,64379,64380,0.18379
1785053999999,64380,64380,64378,64379,0.26629
1785054059999,64379,64379,64377,64378,3.73847
1785054119999,64378,64378,64376,64376,0.71078
1785054179999,64377,64377,64370,64371,1.31627
1785054239999,64371,64371,64363,64364,6.15075
1785054299999,64364,64364,64360,64360,0.07631
1785054359999,64361,64361,64356,64356,1.17599
1785054419999,64357,64357,64347,64348,2.45203
1785054479999,64348,64361,64347,64361,0.59533
1785054539999,64361,64363,64360,64362,0.12282
1785054599999,64363,64363,64362,64363,0.33288
1785054659999,64363,64363,64362,64362,0.43541
1785054719999,64363,64363,64362,64363,0.55478
1785054779999,64363,64363,64362,64363,0.22925
1785054839999,64363,64363,64362,64363,0.29978
1785054899999,64363,64368,64362,64368,0.1809
1785054959999,64368,64373,64367,64372,2.6468
1785055019999,64373,64373,64372,64372,0.1061
1785055079999,64373,64373,64372,64373,0.17181
1785055139999,64373,64373,64372,64372,0.16942
1785055199999,64373,64373,64372,64372,0.09179
1785055259999,64373,64373,64372,64373,0.08781
1785055319999,64373,64398,64373,64395,6.01057
1785055379999,64396,64397,64395,64397,12.36246
1785055439999,64397,64400,64396,64400,1.40999
1785055499999,64400,64410,64399,64410,3.5162
1785055559999,64410,64421,64409,64419,20.71599
1785055619999,64420,64430,64419,64427,10.94491
1785055679999,64428,64428,64424,64424,4.00562
1785055739999,64425,64444,64424,64444,20.97805
1785055799999,64444,64448,64444,64445,3.1292
1785055859999,64445,64445,64442,64442,17.28231
1785055919999,64443,64470,64442,64470,19.29709
1785055979999,64470,64470,64466,64467,5.45097
1785056039999,64468,64468,64465,64466,0.85557
1785056099999,64466,64466,64465,64466,0.38124
1785056159999,64466,64466,64465,64465,0.19967
1785056219999,64466,64466,64465,64466,0.37392
1785056279999,64466,64466,64465,64466,0.77577
1785056339999,64466,64466,64464,64465,2.20549
1785056399999,64465,64465,64448,64458,3.90787
1785056459999,64458,64461,64457,64461,1.74139
1785056519999,64461,64482,64460,64478,3.6476
1785056579999,64479,64479,64474,64474,1.41883
1785056639999,64475,64475,64474,64474,0.7953
1785056699999,64475,64483,64474,64483,2.45885
1785056759999,64483,64484,64482,64483,3.09475
1785056819999,64484,64484,64449,64449,13.26724
1785056879999,64450,64450,64449,64449,6.04444
1785056939999,64450,64458,64449,64458,1.59917
1785056999999,64459,64468,64458,64468,0.92318
1785057059999,64468,64479,64467,64478,1.10764
1785057119999,64479,64479,64470,64470,0.19402
1785057179999,64471,64471,64469,64469,0.7972
1785057239999,64470,64470,64468,64468,0.46577
1785057299999,64469,64469,64468,64469,0.07833
1785057359999,64469,64469,64468,64468,0.96908
1785057419999,64469,64469,64468,64469,1.34558
1785057479999,64469,64528,64468,64528,18.92694
1785057539999,64528,64528,64514,64514,4.15151
1785057599999,64515,64515,64513,64513,3.29291
1785057659999,64513,64518,64512,64513,16.41509
1785057719999,64514,64518,64513,64518,0.36313
1785057779999,64518,64518,64517,64517,0.44691
1785057839999,64518,64518,64517,64518,0.22425
1785057899999,64518,64518,64517,64517,1.68971
1785057959999,64518,64519,64517,64519,1.91006
1785058019999,64519,64519,64518,64519,0.07024
1785058079999,64519,64519,64507,64507,3.27892
1785058139999,64508,64508,64507,64507,1.57085
1785058199999,64508,64508,64507,64507,0.03476
1785058259999,64508,64508,64507,64507,16.63328
1785058319999,64507,64507,64488,64496,10.12484
1785058379999,64496,64496,64495,64495,0.45328
1785058439999,64496,64496,64495,64495,3.46501
1785058499999,64496,64503,64496,64498,6.89068
1785058559999,64499,64499,64496,64496,0.83745
1785058619999,64497,64497,64490,64492,11.44395
1785058679999,64493,64500,64493,64499,0.85035
1785058739999,64500,64504,64500,64504,3.49938
1785058799999,64504,64520,64503,64518,11.96989
1785058859999,64519,64519,64516,64517,7.48322
1785058919999,64517,64517,64516,64516,0.87564
1785058979999,64517,64517,64516,64516,0.97248
1785059039999,64517,64517,64516,64517,1.02855
1785059099999,64517,64517,64516,64517,0.23468
1785059159999,64517,64517,64516,64516,0.53059
1785059219999,64517,64517,64516,64516,2.89909
1785059279999,64517,64517,64516,64517,0.75041
1785059339999,64517,64520,64516,64519,3.19091
1785059399999,64520,64520,64519,64519,0.76112
1785059459999,64520,64520,64519,64520,3.15037
1785059519999,64520,64520,64519,64520,2.36047
1785059579999,64520,64520,64515,64515,2.98063
1785059639999,64516,64516,64511,64511,2.82092
1785059699999,64511,64511,64509,64510,0.22954
1785059759999,64510,64510,64509,64510,0.20502
1785059819999,64510,64510,64507,64507,1.84935
1785059879999,64508,64508,64507,64507,0.41927
1785059939999,64508,64508,64507,64507,1.54783
1785059999999,64508,64508,64507,64508,1.97944
1785060059999,64508,64508,64486,64487,2.6042
1785060119999,64487,64489,64486,64488,1.1896
1785060179999,64489,64489,64488,64488,3.03152
1785060239999,64489,64489,64488,64488,3.83764
1785060299999,64489,64489,64488,64489,0.97757
1785060359999,64489,64489,64484,64485,2.11072
1785060419999,64485,64485,64484,64485,7.60153
1785060479999,64485,64485,64484,64485,0.58254
1785060539999,64485,64485,64484,64485,0.32797
1785060599999,64485,64485,64484,64484,0.90503
1785060659999,64485,64485,64483,64484,0.9407
1785060719999,64484,64484,64478,64479,1.40834
1785060779999,64479,64479,64478,64478,1.64099
1785060839999,64479,64479,64478,64479,0.19915
1785060899999,64479,64479,64478,64479,0.09725
1785060959999,64479,64479,64475,64475,0.16233
1785061019999,64476,64476,64469,64470,1.00424
1785061079999,64470,64470,64469,64469,2.3691
1785061139999,64470,64470,64469,64469,3.20086
1785061199999,64470,64470,64469,64469,0.88121
1785061259999,64470,64470,64469,64470,0.34082
1785061319999,64470,64470,64469,64470,0.38483
1785061379999,64470,64481,64469,64481,1.59517
1785061439999,64482,64496,64482,64496,0.96821
1785061499999,64496,64510,64496,64505,3.26246
1785061559999,64505,64505,64499,64500,1.11072
1785061619999,64500,64500,64499,64500,0.16753
1785061679999,64500,64500,64495,64496,2.2536
1785061739999,64496,64496,64491,64491,0.18834
1785061799999,64492,64492,64491,64492,0.3117
1785061859999,64492,64492,64491,64492,2.42951
1785061919999,64492,64497,64491,64496,0.17156
1785061979999,64497,64497,64496,64497,0.26918
1785062039999,64497,64497,64496,64497,0.22783
1785062099999,64497,64500,64496,64500,0.6287
1785062159999,64500,64510,64500,64510,1.42582
1785062219999,64510,64515,64509,64515,1.25936
1785062279999,64515,64516,64514,64515,1.26923
1785062339999,64516,64516,64515,64516,3.55735
1785062399999,64516,64516,64515,64516,0.77582
1785062459999,64516,64520,64515,64520,4.54583
1785062519999,64520,64521,64519,64521,0.45863
1785062579999,64521,64522,64520,64522,3.86579
1785062639999,64522,64523,64521,64523,0.40451
1785062699999,64523,64524,64522,64523,0.51003
1785062759999,64524,64543,64523,64543,24.53249
1785062819999,64543,64543,64542,64543,2.37854
1785062879999,64543,64543,64521,64521,2.70459
1785062939999,64522,64522,64502,64503,12.59687
1785062999999,64503,64503,64498,64498,1.26409
1785063059999,64498,64498,64488,64488,1.30214
1785063119999,64489,64489,64487,64488,1.0386
1785063179999,64488,64488,64487,64488,1.38641
1785063239999,64488,64494,64487,64494,2.62252
1785063299999,64494,64495,64493,64494,0.08141
1785063359999,64495,64495,64494,64495,0.08829
1785063419999,64495,64495,64486,64486,0.45409
1785063479999,64486,64486,64483,64484,0.56364
1785063539999,64484,64488,64483,64488,0.06779
1785063599999,64488,64488,64487,64488,0.04682
1785063659999,64488,64488,64487,64488,0.25095
1785063719999,64488,64488,64485,64486,0.4623
1785063779999,64486,64487,64480,64487,4.57144
1785063839999,64487,64487,64486,64487,0.2498
1785063899999,64487,64497,64487,64497,2.59743
1785063959999,64497,64498,64496,64498,2.99895
1785064019999,64498,64510,64497,64509,7.59895
1785064079999,64510,64512,64501,64501,6.64001
1785064139999,64502,64502,64489,64489,0.81183
1785064199999,64490,64490,64485,64485,0.47336
1785064259999,64486,64486,64477,64477,0.49549
1785064319999,64478,64478,64477,64477,0.06602
1785064379999,64478,64478,64477,64477,0.05909
1785064439999,64478,64478,64477,64477,7.86767
1785064499999,64478,64478,64477,64477,2.47054
1785064559999,64478,64478,64477,64478,7.19397
1785064619999,64478,64487,64477,64486,0.88448
1785064679999,64487,64487,64486,64487,2.04817
1785064739999,64488,64494,64487,64493,0.25805
1785064799999,64494,64497,64493,64496,0.23288
1785064859999,64497,64497,64486,64487,0.31955
1785064919999,64487,64487,64482,64482,1.27256
1785064979999,64483,64483,64482,64482,0.37051
1785065039999,64483,64483,64482,64483,0.15031
1785065099999,64483,64483,64482,64483,0.43042
1785065159999,64483,64483,64482,64482,0.04312
1785065219999,64483,64483,64482,64483,0.08244
1785065279999,64483,64483,64480,64481,0.39984
1785065339999,64481,64481,64478,64478,0.28914
1785065399999,64479,64479,64474,64474,3.0854
1785065459999,64475,64475,64467,64467,11.46664
1785065519999,64468,64468,64467,64467,10.05331
1785065579999,64468,64469,64467,64468,3.53141
1785065639999,64469,64469,64468,64468,0.0934
1785065699999,64468,64469,64468,64469,0.19988
1785065759999,64468,64469,64468,64469,0.50137
1785065819999,64468,64469,64468,64469,2.349
1785065879999,64468,64469,64468,64469,0.15737
1785065939999,64468,64469,64468,64468,0.35453
1785065999999,64468,64469,64468,64468,0.49177
1785066059999,64469,64469,64468,64468,6.06646
1785066119999,64469,64469,64468,64468,3.03924
1785066179999,64469,64469,64468,64468,0.58125
1785066239999,64469,64469,64468,64469,0.04584
1785066299999,64469,64469,64468,64468,1.08667
1785066359999,64469,64470,64468,64469,0.4935
1785066419999,64470,64470,64469,64469,0.22672
1785066479999,64470,64477,64469,64476,1.79495
1785066539999,64477,64477,64476,64476,4.66768
1785066599999,64477,64477,64476,64476,0.13688
1785066659999,64477,64477,64476,64476,0.79128
1785066719999,64477,64482,64477,64482,2.14944
1785066779999,64482,64482,64481,64482,2.6337
1785066839999,64482,64482,64481,64482,0.19399
1785066899999,64482,64482,64481,64481,0.12482
1785066959999,64482,64482,64481,64481,0.07566
1785067019999,64482,64482,64476,64477,6.43703
1785067079999,64477,64477,64476,64477,0.05925
1785067139999,64477,64477,64476,64476,4.50595
1785067199999,64477,64477,64476,64476,0.20857
1785067259999,64477,64479,64476,64478,3.81526
1785067319999,64479,64479,64478,64478,1.08164
1785067379999,64479,64509,64478,64508,52.63047
1785067439999,64509,64525,64509,64524,11.88937
1785067499999,64525,64530,64524,64529,4.77011
1785067559999,64530,64549,64529,64538,42.76798
1785067619999,64539,64630,64539,64594,194.66864
1785067679999,64594,64630,64591,64611,66.97452
1785067739999,64612,64612,64587,64598,3.61914
1785067799999,64599,64599,64560,64561,6.74578
1785067859999,64561,64561,64550,64554,17.82871
1785067919999,64555,64555,64554,64555,6.21944
1785067979999,64555,64559,64554,64559,2.88021
1785068039999,64559,64587,64558,64587,11.85113
1785068099999,64587,64587,64577,64577,7.83904
1785068159999,64578,64586,64577,64585,3.22444
1785068219999,64586,64595,64580,64580,11.08353
1785068279999,64581,64581,64554,64554,4.21431
1785068339999,64555,64555,64543,64544,3.32705
1785068399999,64544,64544,64512,64512,13.34831
1785068459999,64513,64513,64485,64499,5.4141
1785068519999,64500,64524,64499,64523,2.69046
1785068579999,64524,64538,64524,64537,5.20108
1785068639999,64538,64538,64537,64537,0.22309
1785068699999,64538,64538,64537,64537,1.74941
1785068759999,64538,64538,64537,64538,0.52089
1785068819999,64538,64546,64537,64545,3.18055
1785068879999,64546,64552,64545,64551,1.62672
1785068939999,64552,64552,64549,64549,0.24483
1785068999999,64550,64550,64549,64549,0.14713
1785069059999,64550,64550,64542,64542,0.49239
1785069119999,64541,64541,64526,64530,2.79939
1785069179999,64531,64531,64530,64531,0.41695
1785069239999,64531,64531,64528,64529,0.3783
1785069299999,64529,64529,64525,64526,0.29416
1785069359999,64526,64526,64525,64525,0.20833
1785069419999,64526,64527,64526,64527,1.11074
1785069479999,64527,64527,64526,64527,0.66371
1785069539999,64527,64527,64525,64525,8.61749
1785069599999,64525,64525,64506,64506,1.14399
1785069659999,64507,64507,64487,64487,4.36178
1785069719999,64488,64488,64471,64471,3.96062
1785069779999,64472,64472,64471,64471,1.12128
1785069839999,64472,64477,64467,64471,35.65266
1785069899999,64471,64471,64470,64470,5.89373
1785069959999,64471,64471,64430,64435,39.77908
1785070019999,64436,64436,64434,64434,1.95054
1785070079999,64435,64435,64407,64431,17.19995
1785070139999,64431,64443,64431,64442,1.41642
1785070199999,64443,64443,64434,64435,0.97908
1785070259999,64434,64434,64412,64425,12.46145
1785070319999,64426,64441,64425,64441,1.69447
1785070379999,64441,64444,64441,64444,2.99066
1785070439999,64444,64452,64443,64451,3.26428
1785070499999,64452,64452,64451,64451,0.45863
1785070559999,64452,64452,64451,64452,0.82532
1785070619999,64452,64452,64451,64452,0.63244
1785070679999,64452,64452,64451,64451,3.81117
1785070739999,64452,64452,64442,64443,3.16656
1785070799999,64443,64443,64438,64438,0.20176
1785070859999,64439,64439,64436,64436,0.4532
1785070919999,64437,64439,64436,64438,0.80852
1785070979999,64439,64439,64404,64404,12.31074
1785071039999,64405,64405,64393,64396,23.82183
1785071099999,64397,64397,64391,64392,4.81901
1785071159999,64392,64394,64391,64393,1.95483
1785071219999,64394,64395,64392,64392,2.53421
1785071279999,64393,64400,64384,64399,2.37906
1785071339999,64400,64403,64390,64390,6.38895
1785071399999,64391,64391,64389,64389,35.68297
1785071459999,64390,64390,64377,64378,5.34835
1785071519999,64378,64386,64377,64386,3.36216
1785071579999,64386,64401,64386,64399,9.95107
1785071639999,64400,64400,64392,64393,1.85394
1785071699999,64393,64393,64391,64391,0.17682
1785071759999,64392,64414,64391,64413,4.15001
1785071819999,64414,64436,64414,64435,2.44341
1785071879999,64436,64436,64435,64436,0.39662
1785071939999,64436,64436,64435,64435,0.41466
1785071999999,64436,64436,64435,64436,0.14699
1785072059999,64436,64490,64435,64488,13.55602
1785072119999,64489,64489,64486,64486,1.98776
1785072179999,64487,64487,64475,64476,8.09592
1785072239999,64476,64476,64472,64473,2.13013
1785072299999,64473,64473,64471,64472,1.81666
1785072359999,64472,64472,64463,64463,3.70838
1785072419999,64464,64468,64462,64465,1.2466
1785072479999,64466,64466,64440,64440,2.85614
1785072539999,64441,64448,64435,64435,2.56565
1785072599999,64436,64441,64435,64441,8.61536
1785072659999,64441,64445,64435,64435,0.69574
1785072719999,64436,64436,64432,64433,0.66727
1785072779999,64433,64439,64432,64438,0.23384
1785072839999,64439,64457,64438,64448,1.38866
1785072899999,64449,64449,64444,64444,0.39708
1785072959999,64445,64445,64444,64444,0.11368
1785073019999,64445,64463,64445,64462,2.20854
1785073079999,64463,64473,64462,64472,2.84622
1785073139999,64471,64471,64458,64458,0.24334
1785073199999,64459,64459,64455,64456,0.08913
1785073259999,64456,64479,64455,64479,0.55612
1785073319999,64479,64508,64479,64507,7.25605
1785073379999,64511,64522,64511,64518,10.88723
1785073439999,64518,64518,64517,64518,0.5358
1785073499999,64518,64525,64517,64524,1.4428
1785073559999,64525,64541,64524,64541,5.34193
1785073619999,64541,64541,64515,64515,2.59066
1785073679999,64516,64516,64515,64515,0.40786
1785073739999,64516,64516,64515,64516,0.94151
1785073799999,64516,64516,64511,64511,1.41681
1785073859999,64512,64512,64509,64510,2.24409
1785073919999,64510,64510,64493,64495,2.46433
1785073979999,64495,64495,64494,64495,2.20417
1785074039999,64495,64495,64494,64494,0.84524
1785074099999,64495,64495,64492,64492,2.81559
1785074159999,64493,64493,64489,64490,8.43562
1785074219999,64489,64489,64488,64489,2.84839
1785074279999,64489,64489,64483,64484,10.69153
1785074339999,64484,64484,64480,64480,3.64439
1785074399999,64481,64490,64480,64490,3.62488
1785074459999,64490,64499,64489,64498,1.85419
1785074519999,64499,64500,64498,64500,0.47381
1785074579999,64500,64521,64499,64520,9.34716
1785074639999,64521,64532,64521,64532,1.5881
1785074699999,64532,64583,64531,64582,1.83039
1785074759999,64583,64678,64578,64635,217.09501
1785074819999,64635,64661,64600,64600,53.4413
1785074879999,64601,64721,64600,64714,85.44305
1785074939999,64714,64725,64678,64678,119.96188
1785074999999,64679,64689,64654,64654,7.41801
1785075059999,64655,64674,64653,64674,5.2652
1785075119999,64674,64674,64619,64625,10.71327
1785075179999,64626,64658,64625,64657,14.77362
1785075239999,64658,64670,64653,64653,5.52423
1785075299999,64653,64684,64651,64679,8.84198
1785075359999,64680,64680,64637,64637,1.57528
1785075419999,64638,64638,64637,64637,0.35474
1785075479999,64638,64638,64631,64637,1.15567
1785075539999,64638,64651,64637,64651,1.95904
1785075599999,64652,64652,64627,64628,2.8377
1785075659999,64628,64628,64627,64627,0.63228
1785075719999,64628,64628,64625,64626,1.13391
1785075779999,64626,64629,64618,64628,11.69165
1785075839999,64628,64633,64627,64632,1.48798
1785075899999,64633,64633,64618,64618,0.63037
1785075959999,64619,64619,64617,64617,1.57071
1785076019999,64618,64618,64617,64617,1.10443
1785076079999,64618,64618,64588,64603,96.02477
1785076139999,64603,64611,64603,64610,11.7757
1785076199999,64611,64611,64593,64593,0.76154
1785076259999,64594,64607,64592,64606,2.8837
1785076319999,64607,64643,64607,64640,22.56476
1785076379999,64641,64663,64640,64652,20.34324
1785076439999,64653,64653,64638,64638,1.57354
1785076499999,64639,64639,64626,64626,13.98221
1785076559999,64627,64629,64621,64621,1.63704
1785076619999,64622,64622,64621,64621,1.40608
1785076679999,64622,64629,64621,64628,1.00655
1785076739999,64629,64651,64628,64651,2.48337
1785076799999,64651,64654,64630,64630,17.17472
1785076859999,64631,64631,64626,64629,0.60629
1785076919999,64630,64683,64630,64679,8.37209
1785076979999,64679,64692,64671,64672,6.48002
1785077039999,64672,64672,64660,64660,1.18408
1785077099999,64661,64661,64660,64660,0.51125
1785077159999,64661,64700,64660,64683,2.62363
1785077219999,64683,64718,64682,64717,64.24983
1785077279999,64718,64718,64708,64711,5.10407
1785077339999,64711,64714,64707,64707,7.81206
